0.026735304448815507,-0.19942777823764496,-0.7765237521720736,-3.0663405916898046,0.022490811224435896,-0.68119786084362
0.028315490129254488,-0.1993305617350748,-0.7762760327077781,-3.0636351004807607,0.018853254699745053,-0.682311835480355
0.030257295057756983,-0.19924640388416637,-0.7759423747467309,-3.0603484652023885,0.014119013317195549,-0.6838537499755317
0.032322894102258214,-0.19919779707993251,-0.7755550655920657,-3.056861664370613,0.008692110518952878,-0.6856898791128345
0.0344249105770028,-0.19918505922781873,-0.7751298868172104,-3.053277905942641,0.002825084777982943,-0.6877286867901689
0.03664071973059559,-0.19919381340247225,-0.7746587974731377,-3.049470215995335,-0.003461877836116489,-0.6899558687092141
0.03904832837678599,-0.19920913510462007,-0.7741355315966687,-3.045363142420615,-0.010194727902956849,-0.6923398072307304
0.0415824053592326,-0.19922402103139777,-0.7735780279748061,-3.04110795952537,-0.01718105881690398,-0.6947626523981786
0.04414444807526785,-0.19924047030913344,-0.7730016631028375,-3.036855239391785,-0.02421779288416539,-0.6971563917344178
0.046803202971126945,-0.19926501796991367,-0.7723771237828608,-3.032439885948651,-0.0315544285430585,-0.6996665809257039
0.049734675711628165,-0.19930056860053588,-0.7716475469095916,-3.027521598387304,-0.039741052739288414,-0.7025410259151522
0.052974582571112,-0.19934344469909973,-0.7707924414582868,-3.0220262802400115,-0.048941996926574735,-0.7058524265725239
0.05634685826353779,-0.19939027035293141,-0.7698560813466312,-3.016271653402246,-0.05866244743814877,-0.7094101501390083
0.0596286079617434,-0.1994452914808825,-0.7689111787724866,-3.01067097067785,-0.06816061726191264,-0.7129166396017941
0.06271305112881843,-0.1995177680277619,-0.7680040199217038,-3.0054336763883,-0.07699090798687128,-0.7161568895429725
0.06562006944312472,-0.19961370602524475,-0.767133753920577,-3.0005391546740254,-0.08517922825902872,-0.7190983358980506
0.06843525568148191,-0.19973447289276655,-0.7662650354004216,-2.995841074389435,-0.09305554926030152,-0.721910246433335
0.07126545397307155,-0.1998799338456768,-0.7653522403187046,-2.9911386320810167,-0.10099277958834685,-0.7248582720802511
0.0741654036112627,-0.20004358480123458,-0.7643746904435219,-2.9863018703435835,-0.10914162859477071,-0.7280688202515585
0.0770922448949376,-0.2002090617470313,-0.7633521217157353,-2.98137535261077,-0.11735551879558105,-0.7314295118000693
0.07999165085214302,-0.20036351528176558,-0.7623093387212703,-2.976450856319764,-0.12544873612287366,-0.7347842801300389
0.0828975371951188,-0.20051301605535174,-0.7612357258991362,-2.971475689830644,-0.1334672707155916,-0.7381342061890159
0.0858923426201953,-0.2006792575694453,-0.7600963035764258,-2.9663095661224257,-0.1416322323065697,-0.7415940002493523
0.0889844330996129,-0.20088223418671555,-0.7588792700663745,-2.9609541747734127,-0.15005073698142193,-0.745220427626626
0.09206482407428893,-0.2011269018338122,-0.7576175539034612,-2.955619057773782,-0.1585618409447799,-0.7489222045611648
0.09499996460557955,-0.20140687082261874,-0.7563546091548723,-2.950528190188716,-0.16691855197141398,-0.7525413154507316
0.09775832808210981,-0.2017212414544241,-0.7550954532660697,-2.945702595662921,-0.17508444949811428,-0.7560332133956462
0.10043391391580284,-0.20208139724707108,-0.7538039159305248,-2.94096336954857,-0.18326848393198644,-0.7595319914111152
0.10313895104970164,-0.20249319058462745,-0.7524521426075546,-2.936149381087821,-0.19163791169100627,-0.763186466463845
0.10589439681235524,-0.20293690081233648,-0.751058435454861,-2.9312738204183346,-0.20008022444653467,-0.7669772354280348
0.10864010084210317,-0.2033745476717069,-0.7496669329983716,-2.9264338262690135,-0.20830432975805205,-0.7707644998014362
0.11130453170896949,-0.20377613814884454,-0.7483092447397522,-2.9216838850528823,-0.21607802607784538,-0.7744603825110573
0.11383927269744723,-0.20413803593552773,-0.7469914634655107,-2.9170626616183206,-0.22334047089385342,-0.7780886086906312
0.11624520590476178,-0.20448585139360748,-0.7456868794708994,-2.9125917390041844,-0.23024548788187965,-0.7817422609699839
0.11859080984218316,-0.20486240311905196,-0.7443352182599271,-2.9081808195130585,-0.237140651869404,-0.7855348881513489
0.12095040253021813,-0.20529900228385778,-0.7428878062250732,-2.903687581315892,-0.2443293932365802,-0.7895195683233118
0.12332261505641601,-0.20579003867264306,-0.7413603844254704,-2.8990973503790287,-0.2517972645489511,-0.7936259369417741
0.12566321125882238,-0.2063016803352403,-0.7398102220378858,-2.8944992253733046,-0.2592840140707101,-0.7977312542844848
0.1279741892869536,-0.2068053711509429,-0.7382679711345287,-2.889909443200585,-0.2665977878125566,-0.8017717947110322
0.13030405716772986,-0.20729599028167686,-0.7367197088100981,-2.885257022145298,-0.2737542190274227,-0.8057471636273918
0.13268757334281178,-0.20778518112361113,-0.7351368754905424,-2.8805003675795215,-0.28088684062297214,-0.8096906536497289
0.13512919158758566,-0.20829102820512427,-0.7334925735539253,-2.875641806641383,-0.28815258645534836,-0.813683848904145
0.13761114327187252,-0.20882899446085496,-0.7317702799881619,-2.870687190168132,-0.2956518554367527,-0.8178139576630351
0.1400858605628767,-0.2094018987214883,-0.7299844618747983,-2.8656757398800274,-0.30332670699623354,-0.8220777573794333
0.1425039429833124,-0.21000283660114022,-0.7281699671866024,-2.8606721922979315,-0.3110076889195372,-0.8264121545203011
0.14486478156053462,-0.21062850640797018,-0.7263419916402988,-2.855691897127888,-0.31859219241822534,-0.8308110634921593
0.14720092225560946,-0.2112815424860754,-0.7244928392361127,-2.850704521029951,-0.3260860413184027,-0.8353164615648663
0.14952701883345912,-0.2119640334773372,-0.7226179775490345,-2.845694315485787,-0.3335200295471428,-0.8399294842462732
0.15183478520596322,-0.21267423359589413,-0.7207213578351418,-2.840674376601548,-0.34092339041784875,-0.8446042892828041
0.1541091716046031,-0.21340223503746927,-0.7188109575427254,-2.8356836528415315,-0.34831542617793904,-0.8492886200847032
0.15632917674762187,-0.214128456035435,-0.7169016517134952,-2.8307825906979316,-0.35565815370652387,-0.853931882713036
0.15847234180807732,-0.21483560236858978,-0.7150105451782378,-2.8260241358178884,-0.3628492484260392,-0.8584835668974508
0.16053194116618075,-0.2155248601236602,-0.71314104114725,-2.8214165142771033,-0.3698073569873171,-0.8629194271221376
0.1625374914009657,-0.21622102798854062,-0.7112647747409916,-2.8168822780872462,-0.3766077725977025,-0.8672977650160618
0.16456133127749753,-0.21696286436819798,-0.7093163086256492,-2.8122420188874666,-0.3835310346076153,-0.8717900947672105
0.16669737165076437,-0.21778453933498643,-0.7072111681129618,-2.8072654046162997,-0.3909313237270285,-0.8766355125787091
0.16903137925421113,-0.2187027125213907,-0.7048718593132163,-2.80174045912775,-0.39905675203261487,-0.8820627329064802
0.17160574393444633,-0.2197118802559444,-0.7022619019549751,-2.7955490182356564,-0.40794372011419494,-0.8881826674462392
0.17435832068500567,-0.22077524352092476,-0.6994424127438508,-2.7888082944661674,-0.41732247630718367,-0.894821006830751
0.17709692191872517,-0.22182304532805866,-0.6965920459401617,-2.78194366937352,-0.4266063419343679,-0.9014814130606073
0.17959276142423883,-0.22278364157086758,-0.6939184004146182,-2.7754861287807966,-0.43515109347312764,-0.9076257313359063
0.18173105225038852,-0.22363065051617523,-0.6915215467739723,-2.7697249822454886,-0.4426556088046876,-0.9130377353466597
0.18357373106358107,-0.22440122309281593,-0.6893400696856665,-2.7645575946103547,-0.4493402509353023,-0.9179021647845426
0.18528512620108956,-0.22516721370172793,-0.6872210222658216,-2.759650313034044,-0.45573798996008136,-0.9225841859013154
0.18700567079449232,-0.22598490252752926,-0.6850376858127033,-2.754708517710641,-0.4622941120957882,-0.9273755990273106
0.18878939291648303,-0.22686647490976788,-0.6827502799570557,-2.7496093087251077,-0.46913722213149905,-0.9324009825760862
0.19062723582889796,-0.2277892426178537,-0.6803847024252017,-2.7443638678641964,-0.476155945856468,-0.9376511325108902
0.19249018633204162,-0.22872131499611817,-0.6779858441882256,-2.7390332135516977,-0.48318340783638375,-0.9430360003195251
0.19435120886928703,-0.22964240616291393,-0.6755838502408605,-2.733660997776464,-0.49011658488195703,-0.9484556226628346
0.19619627543396506,-0.230555255110137,-0.6731730679257214,-2.7282288725185633,-0.49697660084158385,-0.9538944238085514
0.19802552254534928,-0.23148213758859618,-0.6707181661998788,-2.7226812638986773,-0.5038870119110576,-0.9594285971914535
0.1998390267001518,-0.23244424324512822,-0.6681921592448917,-2.7170079001240595,-0.5109458901521923,-0.9651106248585912
0.20162842885401955,-0.23344282157506477,-0.6656023955857884,-2.7112607596371823,-0.5181284910581544,-0.9708940365804264
0.2033909373593654,-0.2344632712606027,-0.6629709463940551,-2.7054696791425292,-0.5253454773344821,-0.9767094483657855
0.20514077993013485,-0.2354920850846473,-0.6603066221258506,-2.6995997264108436,-0.5325493807492402,-0.9825571849957264
0.2068902219429079,-0.2365209966914443,-0.6576165058660157,-2.693634048027582,-0.539724124604115,-0.9884636749307297
0.2086259232325798,-0.23754196430844698,-0.654926016037169,-2.687636950487997,-0.5468194333360381,-0.9944007568582728
0.21031981964431393,-0.23855191427318445,-0.6522591686706558,-2.6816811650410486,-0.5537740613984133,-1.0003246015512461
0.21195467017945002,-0.2395587785589681,-0.6496134182775847,-2.6757718912863186,-0.560574192821636,-1.0062565433688966
0.21352882205962123,-0.24057543134804305,-0.6469703249483917,-2.669877323442151,-0.5672501044923818,-1.0122762414154165
0.21505268984894202,-0.24161322048049638,-0.644309711988288,-2.663964249641103,-0.5738572335915744,-1.0184705341265272
0.2165530824835275,-0.24268436178782862,-0.6416021177639908,-2.6579716358364416,-0.5804803169681826,-1.0249121858928696
0.21806983596517868,-0.24380317561025983,-0.6388075659802653,-2.6517960988130636,-0.5872254105567795,-1.0316530752946207
0.21962855670461562,-0.244973215086623,-0.6359082198390084,-2.6453553741355345,-0.5941538409339832,-1.03867244629981
0.22121335249003707,-0.24617290723791857,-0.6329406708861455,-2.6386808310601393,-0.6012090250877711,-1.0458332447710716
0.2227855189311926,-0.24736817793761434,-0.6299655468298693,-2.6318993360790848,-0.6082659881715663,-1.0529642667732704
0.22432433018795034,-0.24854164762666872,-0.6270078073355121,-2.6251174812986378,-0.6152574079248789,-1.0599991613245845
0.22583760932512614,-0.2497089254982295,-0.6240346580834705,-2.6183350475180567,-0.6222369651636108,-1.0670275004403644
0.22734289666220533,-0.2509145633611421,-0.6209695058904022,-2.611428997629922,-0.6293591034459536,-1.0742527108065179
0.22886201029177244,-0.252220741625283,-0.6176963528013231,-2.604147494867326,-0.6368662797091668,-1.0819593463524717
0.230431010487857,-0.2536866391257657,-0.6140765660041796,-2.5961569748807984,-0.645052043893498,-1.0904566866235
0.23207938781924742,-0.25532483991145016,-0.6100479016771282,-2.5872763191349937,-0.6540477476562271,-1.0998666108597286
0.23378160146338042,-0.25706273898478815,-0.60574654808374,-2.5777597403736703,-0.6635496591396021,-1.1098893032767214
0.23545191804852034,-0.2587679098559591,-0.6014735100690444,-2.568230967092459,-0.6728860283283414,-1.1199019746112298
0.2370037982555112,-0.2603314095817911,-0.5974910347726737,-2.5592358673360334,-0.6814690447955251,-1.1293825952766225
0.23840237028230613,-0.26172429767280025,-0.5938715904444651,-2.550915792124138,-0.6891349971011717,-1.1381883880716803
0.23965854897879335,-0.26298122943510255,-0.5905389909131992,-2.543117033368195,-0.6960570300761848,-1.1464400306985945
0.2407981647300834,-0.264156373907457,-0.5873854732123633,-2.5356577960105438,-0.702489516792176,-1.154291605281115
0.24185053060422634,-0.2653016776624764,-0.5843187241720212,-2.528404031623429,-0.708661292865241,-1.16188482410895
0.24285148111024887,-0.266460737914712,-0.581252607377544,-2.5211984911711163,-0.7147817606989924,-1.169418257817969
0.24383924129678258,-0.2676574774938561,-0.5781150022201964,-2.5138505721239857,-0.7210096658785554,-1.177126880176262
0.24484397431514043,-0.2688880083900601,-0.5748726972538301,-2.5062134728795438,-0.7273983103835298,-1.1851631683075257
0.24588123601563655,-0.2701308103488417,-0.5715345937222969,-2.498241570957147,-0.7339025147331937,-1.1935273329818337
0.24694863874443793,-0.2713668534897673,-0.568133346164998,-2.4899842329116804,-0.7404397609269299,-1.202110137552061
0.24802277808688572,-0.27259065606424154,-0.5647109668371512,-2.4815566547589465,-0.7469360210714291,-1.210772028256618
0.2490625634223556,-0.27380779721232984,-0.5613122772689989,-2.473112247575366,-0.7533318128379081,-1.2193910895417253
0.25002648515831966,-0.2750284733194585,-0.5579698911272747,-2.464786141617081,-0.7595852842907215,-1.2279019806194655
0.2508978332796669,-0.2762637234904426,-0.5546805025022472,-2.456605205662377,-0.7656982793076862,-1.2363451491542445
0.2516973143108516,-0.2775220396145648,-0.5513988814332342,-2.4484468627294684,-0.7717348921482639,-1.2448712502031867
0.25246908928838535,-0.27880539054267345,-0.5480648420070653,-2.440110770150688,-0.777796212697182,-1.253662397408661
0.253252745391719,-0.28010992892933634,-0.5446372805699999,-2.4314319720237503,-0.7839705561232337,-1.2628381800411164
0.25406647360172063,-0.28143172954240325,-0.5411016865423451,-2.4223277286937845,-0.7903026409769552,-1.2724310444170028
0.2549072007968537,-0.28276702084721067,-0.53746087800469,-2.412796546015656,-0.796781138070792,-1.282401636133918
0.2557534876131681,-0.28410252797267455,-0.533741270060851,-2.402945293821795,-0.8033216472236567,-1.292620181627752
0.25656749573445625,-0.28541158251804477,-0.5300059504432745,-2.393004847162476,-0.809772533115661,-1.302854723522625
0.25730797474507616,-0.28667070835408276,-0.5263345211744326,-2.383235932857067,-0.815988921816406,-1.3128632755285066
0.25795367749711634,-0.2878830107252112,-0.522771257493892,-2.3737641455083787,-0.8219346215843621,-1.322550338216284
0.25851657673155476,-0.2890797581433908,-0.5192953591034117,-2.3645076015070905,-0.8277038836798601,-1.332028210441438
0.2590318944396642,-0.29029427114493545,-0.5158475553857259,-2.355270017779969,-0.8334276804854027,-1.3415153477333706
0.25953629151696656,-0.2915341561803664,-0.5123812605275809,-2.3458855142104977,-0.8391615789744598,-1.351185697712803
0.26005319522800135,-0.29278041665221965,-0.5088811877624867,-2.336264306364689,-0.844871937655372,-1.3611212877430305
0.26059065367748036,-0.2940122916615473,-0.5053391748026803,-2.326335467443603,-0.8505162878710996,-1.371376153138705
0.2611439251987581,-0.29522821417544476,-0.5017341866691697,-2.3160173707434346,-0.8561050505638095,-1.3820168886046422
0.2616967163251355,-0.296440640204671,-0.49805204890136506,-2.3052912921250504,-0.8616738068273221,-1.3930552184297433
0.2622247010319818,-0.29765787578605146,-0.4943127704464268,-2.2942722697145514,-0.8672285655823241,-1.4043771397198073
0.2627063367854908,-0.2988810829962075,-0.4905510595556054,-2.2831258405151487,-0.8727611501633546,-1.41582173060559
0.26313496226892424,-0.30011645067292697,-0.48676690274931705,-2.2718940881480085,-0.878309107144016,-1.4273477333773068
0.2635195328121328,-0.30137528243004014,-0.48292380031767185,-2.260475161414619,-0.8839421979795352,-1.4390509494103532
0.2638735402538072,-0.3026554260312305,-0.4790085138003989,-2.2488029655244013,-0.8896663148951764,-1.4509875435392776
0.264206318012367,-0.30393247194572187,-0.47506758524749887,-2.23696562632389,-0.8953819222129237,-1.463056098900995
0.2645240182234624,-0.30517715192403966,-0.47116886788355056,-2.2251024985267382,-0.9009612708772025,-1.4751005555210837
0.2648310548003528,-0.3063770626543863,-0.4673447638896672,-2.2132557497849366,-0.9063366832595822,-1.4870705579040058
0.2651248662402249,-0.3075390009602274,-0.46358303558887104,-2.2013708721381775,-0.9115046095730422,-1.4990403572411226
0.26539225187848164,-0.3086770787685819,-0.45985517539423376,-2.189392905796342,-0.9164866650354216,-1.5111147277841948
0.26561682890224336,-0.3098029322238704,-0.4561419834033686,-2.1773201327236964,-0.921312591963269,-1.5233458480408337
0.265791967507716,-0.3109234282783595,-0.4524402932251291,-2.1651820496078193,-0.9260200869648731,-1.5357152353323096
0.26592574616688563,-0.312043531045077,-0.44875111369112525,-2.152977981075686,-0.9306532648827021,-1.5481845089224093
0.2660342528506609,-0.31317045918213215,-0.44505863647065774,-2.1406240616482344,-0.9352641263002965,-1.5607797741043699
0.2661318049723283,-0.3143136984009647,-0.44132253222362255,-2.1279585507521706,-0.9399074599037973,-1.5736274982876328
0.26622708220750335,-0.3154794524277502,-0.4374943550825592,-2.1148056413313507,-0.944618847227994,-1.5869050441417896
0.26632530641906743,-0.31666632315578774,-0.4335384358871892,-2.101031714867882,-0.9494008945402633,-1.6007691757891536
0.266429415192202,-0.31786771419905063,-0.4294380727900805,-2.086560696560493,-0.9542365619486135,-1.6153162293591907
0.26653539167259993,-0.31907600995746616,-0.4251994204650686,-2.0714047626909697,-0.9591005113674509,-1.6305351464139253
0.26662664475372744,-0.3202819503355212,-0.42086720559594487,-2.055736070584865,-0.9639449515949537,-1.6462377090598852
0.26667724928564307,-0.321473004559768,-0.4165290457198157,-2.039896197714132,-0.968689993408168,-1.6620705161375464
0.2666647212852862,-0.3226379179198812,-0.4122806998264332,-2.0242556838445243,-0.973249981386989,-1.6776794877080952
0.2665809731034952,-0.323774524247489,-0.4081741102658411,-2.0090209437291895,-0.9775748703004232,-1.6929048955214054
0.2664331672778011,-0.32489143130229414,-0.40419677172889285,-1.9941590726847531,-0.9816679839706686,-1.7078318645658324
0.2662386560411313,-0.3260012174850904,-0.4002928474801188,-1.979462343894447,-0.9855749070019584,-1.72269319619155
0.26602021976176815,-0.32711216644286967,-0.39639332728183674,-1.9646382284854087,-0.9893626682224386,-1.737757271880519
0.2658002479168425,-0.32822492080006527,-0.39243310373560686,-1.9493726072946425,-0.99309833159606,-1.7532639578158031
0.2655918966046703,-0.32933320290396456,-0.388367833406538,-1.93343057096711,-0.9968232205131833,-1.769351849780404
0.2653926716951038,-0.3304254555522885,-0.384200199456503,-1.9168049689820594,-1.0005292357645683,-1.7859604629029557
0.2651872827758063,-0.33148866661502924,-0.37998744642891286,-1.8997589695595276,-1.0041611226403362,-1.8028297922130412
0.26495810196142644,-0.3325168634837279,-0.37579805848862824,-1.8826242775470488,-1.0076593087594343,-1.819699738647519
0.26469494393481985,-0.33351899225982357,-0.3716449081671157,-1.8654940404629885,-1.011014794230253,-1.8365667094698614
0.26439883105938533,-0.3345148646246069,-0.36747071892296507,-1.8481464775740057,-1.0142764663291317,-1.8536999002180656
0.26407983387247236,-0.3355183136126259,-0.36321211438121287,-1.8303084506274072,-1.0174916662922184,-1.8713571428397735
0.26375053214742156,-0.3365242908263039,-0.3588708736653714,-1.8119585354449834,-1.0206431685995414,-1.8895147647690407
0.2634183665451646,-0.3375143197483835,-0.3545133397072009,-1.7933415761485527,-1.0236555721041487,-1.9079026052644226
0.263082670008439,-0.3384723342627719,-0.3502125841289514,-1.774747301974703,-1.0264565802240522,-1.926240414450571
0.26273804291631403,-0.33939271660644726,-0.34600512221222113,-1.7563377923205976,-1.029018867779773,-1.9443823666334399
0.2623781549303537,-0.340277185889004,-0.34188875309248856,-1.7381338623693818,-1.0313541326735265,-1.962303164659106
0.26199560459473314,-0.3411312042616315,-0.33783342881381256,-1.720051924007685,-1.0334944308720655,-1.9800721755348512
0.26158072334647314,-0.3419647528288608,-0.33378673113203156,-1.7019161457447651,-1.0354874934406442,-1.9978698466590294
0.2611232185053014,-0.3427915826841119,-0.32968662056920983,-1.683499595398221,-1.0373944469624736,-2.015949187792023
0.2606186042611356,-0.3436216678843375,-0.32549753782786567,-1.6646669740591828,-1.0392716604912706,-2.0344650148244083
0.2600754247627559,-0.3444520176015854,-0.32124578566041273,-1.6455223017358864,-1.04114004842434,-2.0532996882142185
0.25951607196388427,-0.3452659364813117,-0.31701262857276996,-1.6263862992651565,-1.042967481720889,-2.0720936457749124
0.2589734888939015,-0.3460375990866128,-0.3129094344495423,-1.607707698866382,-1.0446779330661955,-2.090365241944676
0.25848735889659313,-0.3467335749564174,-0.30907778797345353,-1.590095158931629,-1.04618141554246,-2.1075001280399115
0.2580967797957902,-0.34731390713532373,-0.30570013015088926,-1.5743942655846794,-1.047407393566583,-2.1226726611269733
0.2578276268495173,-0.3477419493621499,-0.30297379745058983,-1.5615743861915474,-1.048321649019817,-2.134947146457378
0.25768078930166516,-0.3480036522793061,-0.3010354893038713,-1.5523536756939302,-1.048924936904512,-2.1436481776027256
0.2576318363961356,-0.34812156838642205,-0.29988455916126555,-1.546799603431209,-1.0492481191611895,-2.1487588269671782
0.2576457197674701,-0.3481462820033839,-0.29937196092258395,-1.5442463257667853,-1.0493501363651037,-2.1509839690671244
0.2576971006536557,-0.34812776336434076,-0.2992706252215128,-1.543622017950065,-1.0493094318917962,-2.15138507173461
0.257784134982538,-0.34809108365413627,-0.29937408632432577,-1.5439244127670009,-1.0491986648217755,-2.150879245470058
0.2579360001697918,-0.34803483636922444,-0.29955572756729726,-1.5444961191033448,-1.049049390637787,-2.1499642710453437
0.2582223328898105,-0.3479430415906493,-0.29976689072752827,-1.5449896534068452,-1.0488338123936332,-2.148751674136122
0.25875825030955346,-0.34779187752834395,-0.30000027104050864,-1.5451819977081758,-1.0484860437204362,-2.147145337884582
0.25968060108822166,-0.34755198107791463,-0.30025426223109036,-1.5448510394423125,-1.047949475467149,-2.145017959714719
0.2610867357658646,-0.3471997607195936,-0.30051619161082077,-1.5437944495432079,-1.047212147461319,-2.142341507758794
0.26297213169523187,-0.3467355145989786,-0.30076493840846996,-1.5419287202583543,-1.046309788965287,-2.139239587939826
0.265222009259642,-0.3461887694537681,-0.3009842060361183,-1.5393578975634616,-1.0453075053533945,-2.1359235511523487
0.2676706991033319,-0.34560150551487817,-0.3011733852994847,-1.536342405668853,-1.044277653529274,-2.1325566814069816
0.27018244788465934,-0.3450044983257146,-0.3013454196056808,-1.5331772160914752,-1.0432804972185967,-2.1291737567048483
0.27269419965482633,-0.3444080433949454,-0.30151284862327205,-1.5300570357569676,-1.0423510143196608,-2.125729496592027
0.2752028442531101,-0.34381065481468787,-0.3016756845888655,-1.527020671130666,-1.0414977002753856,-2.122205163917321
0.2777263904648015,-0.3432120348262822,-0.3018240232646448,-1.5240080423284819,-1.0407124497343099,-2.1186448844969052
0.28027605055497595,-0.34261759280334303,-0.3019527731552929,-1.5209736829079634,-1.039982253444484,-2.115091590590623
0.28284916753290335,-0.34203460018943943,-0.30207169745615886,-1.5179587435221635,-1.039297606418403,-2.11152079949839
0.28543043435526355,-0.341468220677986,-0.30219820139403736,-1.5150662163307043,-1.0386583018052593,-2.1078685442785683
0.28799334627469536,-0.34092234334470023,-0.3023398691313151,-1.5123722457984357,-1.0380727724882244,-2.104124839664479
0.29050642549667555,-0.34040234248559753,-0.30248585097086356,-1.5098611297865563,-1.0375472693626104,-2.100380003911728
0.29294620453712983,-0.33991455204055593,-0.30261535909319226,-1.5074387798860707,-1.0370745359128515,-2.096772376695226
0.2953092326129015,-0.33946179371792307,-0.30271164886354435,-1.504993480928622,-1.0366365055632372,-2.093401539353537
0.297614895235773,-0.33903932379084817,-0.30276699657059597,-1.502437930347856,-1.0362201385156058,-2.090290549640904
0.2998975692344942,-0.33863553628783877,-0.3027795156815676,-1.4997182918596828,-1.0358313794043628,-2.0874022372088135
0.3021931941639807,-0.3382371118424968,-0.3027519906736423,-1.4968231159778516,-1.0354960088527772,-2.0846617694931995
0.3045297711245041,-0.3378342021761593,-0.3026950038952577,-1.493799242589127,-1.0352473291231639,-2.081963485117902
0.3069294555863787,-0.33742204108969653,-0.3026275345319291,-1.49074372249132,-1.0351075172389883,-2.0791763562485612
0.3094183157641206,-0.3369996062317018,-0.3025714434161946,-1.487760824052793,-1.0350736635812279,-2.0761606941082498
0.31202673185654584,-0.33656859848723636,-0.30254367829602585,-1.4849175281188303,-1.035119998241532,-2.0728004414185035
0.3147670862756683,-0.3361345616326177,-0.30255065461054986,-1.4822325283707538,-1.0352175658562193,-2.069055463628236
0.3176022026600234,-0.33570826441016627,-0.3025862065036738,-1.4796958656380432,-1.0353559127940215,-2.0650129861903714
0.3204402508193127,-0.33530379403738664,-0.3026340896628121,-1.4772920202722537,-1.0355466991580118,-2.0608823846445286
0.32317346468817604,-0.33493300024986683,-0.30267522248280726,-1.4750083906311269,-1.035805647580409,-2.056907258141178
0.3257328250208522,-0.33460065410693396,-0.30269510732053684,-1.4728268009164542,-1.0361308167808365,-2.0532567343369066
0.32811420262409946,-0.33430444555296285,-0.30268496885245355,-1.4707042146736966,-1.0364988685169028,-2.0499869143052902
0.33036188153695417,-0.33403883826275904,-0.30263720837688146,-1.4685618950547235,-1.0368831367826774,-2.0470835059136916
0.332532463087453,-0.3337986190685899,-0.30254314220853185,-1.4663070910133558,-1.0372756045522515,-2.044515292299831
0.3346687737747443,-0.33357979603822396,-0.3023973196397554,-1.4638827929434202,-1.037691125388777,-2.0422443267009323
0.3367949311256429,-0.3333787532392247,-0.3022033015656563,-1.46130522481784,-1.038150872422185,-2.0402064823832706
0.3389245970709353,-0.33319178487705237,-0.3019742426052574,-1.4586563541127084,-1.0386629105329437,-2.0383017363679463
0.34106908083886045,-0.3330161194889669,-0.30172846270109294,-1.4560421353245703,-1.0392185848935327,-2.0364089859517214
0.34323872561642704,-0.33285156114238096,-0.30148433803856023,-1.453551308229177,-1.039805461776598,-2.0344159160908672
0.34543920782465537,-0.33270074594032717,-0.30125616880897244,-1.4512336649122133,-1.0404211188884323,-2.032252438597931
0.34766664976126327,-0.3325672032946438,-0.3010501288788292,-1.4490931717800306,-1.041073688754702,-2.029918228299957
0.3499044192088984,-0.33245281450436326,-0.3008616016685846,-1.4470900656735133,-1.0417719587444028,-2.0274881410148593
0.35212512902916165,-0.33235690384231537,-0.3006773332043207,-1.4451562458106015,-1.0425194454628064,-2.0250798227324065
0.35430145993167,-0.3322773127903117,-0.3004824139080443,-1.4432231621486658,-1.0433186278332058,-2.0227929746025235
0.3564231992103183,-0.33221199893816045,-0.30026657984738636,-1.4412439181106538,-1.044175945429168,-2.020661412931162
0.3585079971756817,-0.332159987419085,-0.3000247279997153,-1.4391927410524903,-1.0450975617033216,-2.018656406465935
0.3605931173647473,-0.33212166035176255,-0.2997534772070378,-1.4370527859315148,-1.046080168278405,-2.0167340380040684
0.36271152909265353,-0.3320985622250512,-0.29945023142616956,-1.4348192344501642,-1.047109477850049,-2.014876258402386
0.36487225564376513,-0.332092574137613,-0.29911711102833466,-1.432520318165362,-1.0481697522543956,-2.0130860674101654
0.3670603852794427,-0.33210475480681406,-0.29876464546683,-1.430226206984847,-1.0492530288700697,-2.011352526788676
0.3692514127761452,-0.3321348910834499,-0.2984093079620553,-1.4280241292697646,-1.0503562649559672,-2.0096348424870003
0.37142409341885824,-0.3321823452812811,-0.2980659259723431,-1.4259789479958185,-1.0514699276876147,-2.0078854482491297
0.3735651888719528,-0.3322472681071885,-0.29774164571706435,-1.424115514603475,-1.0525737405775313,-2.0060814561868923
0.3756702352455452,-0.3323306530622375,-0.2974355517810364,-1.4224295612339544,-1.0536483457298549,-2.004230250068687
0.37774306635810473,-0.3324330663889435,-0.29714138944331087,-1.4208994776267638,-1.054692927036,-2.0023559494323493
0.3797922645529033,-0.33255356836294125,-0.29684906975955394,-1.4194788272944516,-1.0557313908861508,-2.0004938969645463
0.38182564245068074,-0.33269015963826293,-0.2965450095187817,-1.4180857567646534,-1.0568026300039834,-1.9986948532896587
0.38384813003558754,-0.3328412338863086,-0.29621430744427424,-1.41661697209682,-1.0579455964111444,-1.997018083211245
0.3858645316048739,-0.3330063384878924,-0.2958447629932947,-1.414983227817197,-1.0591880744090107,-1.9955113734531478
0.38788162958808453,-0.333185570731665,-0.2954291093813643,-1.4131344332318378,-1.0605374423643001,-1.9942019375246391
0.38990549149142373,-0.3333788467947895,-0.2949638878554169,-1.411057254346569,-1.0619728524892251,-1.9931078845569166
0.3919378707353079,-0.3335863785777898,-0.2944482389576914,-1.4087645086515688,-1.0634487000125918,-1.9922451974066238
0.3939776237109802,-0.333809639999365,-0.29388602041415385,-1.4063012325561723,-1.0649173246205923,-1.9916058739421498
0.39602586948799107,-0.33405095632389287,-0.29328952271315845,-1.4037608052228516,-1.0663599249370534,-1.991122594951463
0.39808823908525165,-0.3343118186208966,-0.2926795020262275,-1.4012812161836528,-1.0678011669747576,-1.990660697958002
0.4001713769745015,-0.33459251481485647,-0.2920788817340129,-1.3990075183969735,-1.0692938953385334,-1.9900566185019197
0.40227725299827005,-0.3348944371741876,-0.2915034996205825,-1.39704127908842,-1.0708853833065137,-1.9891800015302412
0.40439963726226524,-0.3352221610399729,-0.29095681598772616,-1.3954126090183518,-1.0725904348740831,-1.9879777624462773
0.4065242513376643,-0.3355815067051272,-0.29043277068901785,-1.3940919737765607,-1.0743886697930105,-1.9864740301143786
0.4086319513160009,-0.33597534802573126,-0.28992308502680475,-1.3930240849906763,-1.0762409522267913,-1.984736560637844
0.4107027440532028,-0.33640176741047934,-0.28942216443878566,-1.392154164044525,-1.0781064534363027,-1.9828424608261228
0.4127186114218011,-0.336855085005308,-0.28892799043528206,-1.391437753698972,-1.0799509593022096,-1.9808603216967566
