0.7179837404196102,-0.21067792295398272,0.24819118931542786,-1.5782234061521865,0.49458560674961044,-2.0339909643019687
0.713709908536694,-0.2199360465341118,0.24820620251992087,-1.5723023824531261,0.45724198005769634,-2.029563889579551
0.7085541423806081,-0.23046338400049318,0.24836182250371677,-1.565020910477582,0.4048558598342901,-2.024520984962044
0.7026852599816227,-0.24184501108071088,0.24842248533537215,-1.5581538261174412,0.3488678435430352,-2.0190272459528793
0.6961088439660089,-0.25397704084937844,0.2486065515906705,-1.5500863801110232,0.294906279084838,-2.01316763658853
0.6889462298009918,-0.26650118029505554,0.24910080774542098,-1.5398184955342917,0.23926491429573513,-2.0070824248262418
0.6813523416268298,-0.2790266501202064,0.2497250062352911,-1.5284744454452415,0.17737504824542277,-2.0009072478177137
0.6735019456620348,-0.29124716769242837,0.2503612812168487,-1.5167741037982598,0.10673950154775896,-1.9948246260947247
0.665594634832313,-0.30283847257218577,0.2512136245402968,-1.504018451451242,0.03532789866348238,-1.9890297970883042
0.6573736782110196,-0.31411590931026,0.25241726268858994,-1.4897078614148378,-0.026241887427013458,-1.9832904914092742
0.6488796384056685,-0.32509608591628086,0.25362247618649775,-1.4756535724787767,-0.07788093802431223,-1.97754420509157
0.6415453634014069,-0.3342140058303518,0.2544615343561466,-1.4647312823299197,-0.120152260529279,-1.972696864440141
0.6364668039149524,-0.34040457815962155,0.2550964689468656,-1.4573062687082927,-0.14788575735528764,-1.9694106690645758
0.6326449499129829,-0.3449689823875698,0.25585619842125357,-1.450458859938357,-0.16358535607797267,-1.966981264720266
0.6286006499855056,-0.3495990991783979,0.25677362464772224,-1.4423049032753499,-0.18029909314533488,-1.9644863708699634
0.6232084804541632,-0.3553735764643204,0.2577999168328184,-1.4320842721600517,-0.21178711821413065,-1.9612962240277838
0.6154784728124005,-0.36311740898021616,0.2590832633198216,-1.418312730139285,-0.26029221537107944,-1.956901833473632
0.6061187985928016,-0.3719977221263087,0.2607280547798652,-1.401769869164438,-0.3080879962774508,-1.9517514885264677
0.5965555957302908,-0.38055110019766486,0.2626171851990048,-1.3845562481976466,-0.34499841319285174,-1.9466474816763135
0.5872012329904861,-0.3884112753863942,0.2645577590375424,-1.36738595688692,-0.37805263619988005,-1.9418055496913007
0.5785071264426239,-0.39530954538173213,0.26639823315296207,-1.3508643875955268,-0.4051056752573607,-1.9374361379877811
0.5705072384058751,-0.40126959508648263,0.26813381595491326,-1.3350990180940485,-0.42677130896248633,-1.9335273073352295
0.5621846502511061,-0.40709101350057453,0.2699485882962921,-1.3187924672624236,-0.4514156267571616,-1.9295754321667684
0.5540963373139927,-0.4125298583880704,0.271730063061607,-1.3031854251314265,-0.47636593675422595,-1.9258151100261287
0.547832567696852,-0.41660392239517857,0.27311490674596184,-1.2909300889355781,-0.4970570935688333,-1.9229349129558069
0.5426821734409146,-0.4198108242611962,0.2742434817481825,-1.2806314016071207,-0.5163811627315423,-1.9205728246486216
0.5375267090224798,-0.4228952716340716,0.27539823612721914,-1.2706588616786896,-0.5309223500298876,-1.918223799096726
0.5322009111016388,-0.425959871790241,0.2766301126262077,-1.2606308152636059,-0.5397413742993535,-1.9158354502469856
0.5267651536605715,-0.4289736323105434,0.2779151645224354,-1.2500762277896282,-0.5494374886938931,-1.9134378968017298
0.521461513960427,-0.4317975476923065,0.27919807584768164,-1.2392485699924283,-0.5611490673055373,-1.9111448705664094
0.515971776139247,-0.4345782944369445,0.28054452506504696,-1.2275737030261011,-0.5723697510500262,-1.9088263145404536
0.5100235777532822,-0.4374477981967291,0.2820010075000538,-1.21462977885364,-0.5809392226766622,-1.9063632189915767
0.5038697817391532,-0.4402897496894675,0.28349440224998573,-1.201363191644224,-0.5883000884919987,-1.9038583600319088
0.4977678765087917,-0.44299059790452644,0.2849795522452385,-1.1887857754306028,-0.5983271287439365,-1.9013819298286234
0.49167495103767755,-0.4455662571247498,0.2865022473225542,-1.1766286219998645,-0.6103911843647352,-1.898884903332331
0.4856068741224713,-0.44801274042208983,0.2880740546560465,-1.1641391589821433,-0.6215932099322502,-1.8963982184346462
0.47986847426712914,-0.4502219462769651,0.28959016652255637,-1.15175306156089,-0.6290106293149974,-1.8940796304316492
0.4743450482410556,-0.4522379138760428,0.29102125355502156,-1.1397510100960637,-0.6313212229819793,-1.8918789892315004
0.4685353355803773,-0.45425038430356024,0.2924822947482141,-1.1275819741917479,-0.6310121228370225,-1.88958290572122
0.46244673264168484,-0.45624066207913544,0.2940409157294219,-1.1151595777185983,-0.6304629209389535,-1.8872183557642668
0.4561178179790158,-0.45816581072329665,0.29572499039405264,-1.1018153639697204,-0.6302668848845937,-1.8848289650807741
0.4493824003577225,-0.4600735820191709,0.2975247294983516,-1.0868399150653425,-0.6301763154780309,-1.8823362309788385
0.4425217718327801,-0.46189797700837665,0.2993324834800539,-1.0713241183988809,-0.6291025556737475,-1.8798007155072445
0.436130583451822,-0.46348513117546947,0.3010240373454414,-1.0570250102323884,-0.6247984043628038,-1.877416801879024
0.4301936590571014,-0.46484276386834406,0.30261798498805037,-1.0439343184926624,-0.6169019550059451,-1.8752183997239973
0.4241696257203997,-0.46611228828339946,0.30421796632447895,-1.0308352905217613,-0.6096994586272008,-1.8730353704657074
0.4176344859113143,-0.46739021046592644,0.30590668406812355,-1.0168176878446773,-0.6067769235054195,-1.8706718410690772
0.4106259809271537,-0.4686501006336515,0.30769755385087044,-1.0017981902105584,-0.6058150233629257,-1.8681346821948794
0.40337169904193393,-0.46982246022837576,0.3095691638275129,-0.9859239389650928,-0.6012205253393609,-1.8655287872081523
0.3961675199228775,-0.47085786668180724,0.3114592521177888,-0.9694293000414482,-0.5903400313600999,-1.8629475289206152
0.3894825794291757,-0.4716947026769529,0.31323813198662376,-0.9534508417397325,-0.5781225641117781,-1.860552578145211
0.38332758437855396,-0.4723403683898013,0.31488634653427855,-0.938773961365628,-0.5708731225085842,-1.858351336507505
0.3774177676613962,-0.4728544062026154,0.3164681811334029,-0.9251544601355758,-0.5662045648688201,-1.856245183768115
0.3715072419758828,-0.4732736758919217,0.3180431846259657,-0.9116862814009926,-0.5583938158385957,-1.854161368243246
0.36545591741134625,-0.47360028224498435,0.3196475841307551,-0.8979038276871237,-0.5472426768166675,-1.8520697274526061
0.35916626195046164,-0.47382725208470405,0.32131601541763044,-0.8837213784721291,-0.5342770283259736,-1.8499495120054865
0.3527250570347515,-0.4739557215306879,0.3230325713219548,-0.8690474810884588,-0.5192687559583508,-1.8477955946613134
0.3464531309644188,-0.47400409075904487,0.3247060899663611,-0.8542466906732733,-0.5029706684817549,-1.8456589422760634
0.3405312371223248,-0.4739763238967961,0.326270120107568,-0.8400039480731654,-0.4884075817486354,-1.8435922546300505
0.33461360717445204,-0.47385763312948675,0.32781461005527085,-0.8259673492492532,-0.47622031667398707,-1.8415110984363348
0.3282982643759814,-0.47362337007760397,0.3294579298620041,-0.8111901889095425,-0.4630012639768084,-1.839302259065093
0.3216508414041296,-0.473264941486326,0.33119523988129773,-0.7954988113768406,-0.44461728142711787,-1.8370118119876309
0.31506281558172633,-0.4728047731062693,0.33291254724653024,-0.7796933739835689,-0.4201546312683312,-1.8347834523864297
0.30871608301817416,-0.4722637668680749,0.33454447494010603,-0.7643878890325451,-0.3936947752773683,-1.8326553574018085
0.3025093510101091,-0.4716303408779723,0.33613722110209077,-0.7494215125175774,-0.3679208257947633,-1.830583832474336
0.2963197622964519,-0.4708872951410393,0.3377469113137177,-0.7342177490515763,-0.34047287341048316,-1.8285309942982584
0.2901726529246175,-0.4700470933579467,0.33936159624761514,-0.7186787581847146,-0.30997810174176316,-1.8264982196874648
0.28411541336690277,-0.4691136106098531,0.34096304337273087,-0.7032396016592882,-0.27939960540851166,-1.8245103257363773
0.27812275781797524,-0.4680837882197969,0.34255903393207643,-0.6882526486187177,-0.25273013909844283,-1.822559292535
0.2720211043744606,-0.4669542438483511,0.3441569997059479,-0.6734347515039826,-0.22966213705744537,-1.8205453645097411
0.265857375059589,-0.4657554219934916,0.34570219545605213,-0.6587095997544709,-0.20836750599995651,-1.818455653299598
0.2597539989569448,-0.4644895891081222,0.34718840857968714,-0.6439447675167816,-0.1877329820200246,-1.8163418350223282
0.25356961460494437,-0.4631001539664167,0.34869873497993614,-0.6285392024383354,-0.16467424662280777,-1.8141821953758346
0.24718675352680464,-0.4615715783114459,0.35025116218550983,-0.6124016732681193,-0.13419322303192852,-1.8119661829411084
0.2407153872641359,-0.45992608273640695,0.35179467234941375,-0.5958922193361423,-0.09632070391194672,-1.8097574984475682
0.23430816611212074,-0.45817538976956,0.3533279810592058,-0.5791557286068498,-0.057138838846187395,-1.8076219897087784
0.22802368006041676,-0.4563173360748045,0.35487394392635063,-0.5622672736256757,-0.01932124160888376,-1.805586855293969
0.22182159421650594,-0.4543571271241345,0.3564114630861214,-0.5454402927787931,0.020365062568808413,-1.8036102640614025
0.21559050652034228,-0.45228774954918194,0.35791772694238183,-0.5287110270035783,0.06566437853674771,-1.8015845426456123
0.20927628684242844,-0.450097958253047,0.35940278868552894,-0.5119422089408475,0.11498008292612921,-1.7994655377702786
0.20302568953957395,-0.4478375338105574,0.36084020483498563,-0.49547012449574596,0.16084388635438182,-1.7973422809765853
0.1969496209844302,-0.44553977423337254,0.3621888805926185,-0.4797325108181142,0.19722892721146096,-1.795280943921998
0.19109153811839386,-0.44322260304399624,0.36344764831798626,-0.464858388242715,0.22571710207190937,-1.7932872893529508
0.18541303037356505,-0.44087796887656155,0.36464740639400645,-0.45040137389862306,0.2547492103050472,-1.791332310290406
0.17976790131055492,-0.4384621314162011,0.3658238900689666,-0.4357121139874579,0.29160622937608544,-1.7893676054674696
0.17404678715667668,-0.43593562594074864,0.3670058331346155,-0.4205824591222804,0.33596954765372994,-1.7873711803090588
0.16828258806359553,-0.4332939478469844,0.3682010807806901,-0.4050637415248434,0.38318759166640465,-1.7853694663263273
0.16250360682941756,-0.4305354421386191,0.3694039958390944,-0.38920783517500757,0.4303979547951961,-1.783378496747165
0.15671422935585283,-0.42765341391979284,0.3706016245367327,-0.37333493948551155,0.47728944948501395,-1.7813911359479069
0.1509711229354972,-0.42468087082239203,0.37178748274354884,-0.357467015239022,0.5245503934008282,-1.7794132465220087
0.14535741643300495,-0.4216795415509615,0.37295710132676857,-0.3412323877596913,0.5731483306986226,-1.7774822822399552
0.14009946115448105,-0.4188017163605046,0.3740740851552213,-0.32535112522603543,0.6221044367425181,-1.775689320277154
0.1357833595812961,-0.4163870025908299,0.3750593596778296,-0.31190018701543276,0.6649473610938941,-1.7742365532724689
0.13310806714913725,-0.41480561886247813,0.37582907594640186,-0.3025362903259795,0.692741386684234,-1.773388514733474
0.13225215665629048,-0.4141585295680985,0.37633008178113225,-0.29754234322001216,0.7020157936021952,-1.7732354288044532
0.13260592193937173,-0.4141762247583668,0.3765513845182275,-0.2961334489114737,0.6989161740737648,-1.7735243451300569
0.1332575113419223,-0.41443896352534987,0.37655860188469836,-0.2967531834927016,0.6938452721476477,-1.77385496269018
0.13374220741541595,-0.41469134898376714,0.37646732690774215,-0.29794833503780355,0.6904085543849449,-1.774047240398839
0.13402744828415836,-0.41486676807121714,0.376369718644815,-0.2989651432655199,0.6880873086232636,-1.7741331504793516
0.13418857452398453,-0.41497654515205684,0.37630025807487955,-0.299654589104308,0.689470668724053,-1.774174787638951
0.1342783553213606,-0.4150406461906529,0.37625923736228245,-0.3000876236816941,0.6948240820284897,-1.7741979142552389
0.13432956047575506,-0.41507930787506,0.37623813495937314,-0.3003493113893608,0.6994873756374926,-1.7742108979771987
0.13435933198584946,-0.41510216363362806,0.376226513360484,-0.30050510529123153,0.7009542127966788,-1.7742176080263723
0.13437524432479786,-0.4151153600202516,0.3762194949755316,-0.300595238939963,0.7006040899959737,-1.7742205119881074
0.1343821245211321,-0.4151225359060049,0.37621540826031163,-0.30064477298558,0.6999937868734811,-1.7742211779237615
0.1343835718848458,-0.4151262129555524,0.37621319152481786,-0.3006693944769165,0.699557668071487,-1.774220596956393
0.1343826781710938,-0.41513111073126413,0.3762118501114152,-0.3006771255582885,0.6992647889270109,-1.7742196495032925
0.13438735146579348,-0.4151674441291314,0.37621511870177343,-0.3006520965328777,0.6989563701742987,-1.7742216173736494
0.1344338025279839,-0.41540490837988114,0.3762697789162881,-0.30044283814355394,0.6981008040804372,-1.774244796831075
0.13461538841494974,-0.41634415447740153,0.376561591562252,-0.2994803592670474,0.695929561700498,-1.7743451956921699
0.1350536256304014,-0.418811343781657,0.3774634290034479,-0.29652392653411996,0.6934103600879129,-1.7746195778924014
0.13581540201616984,-0.42357648171010376,0.3793901458260685,-0.2898858335146016,0.6956434802968107,-1.7751662277983211
0.13681136902669566,-0.43044347000891103,0.3823310268859944,-0.2792178016955606,0.7068520097773892,-1.7759692585468607
0.1378191496518185,-0.4382923769003754,0.3858108519072563,-0.26618950352804016,0.7226828919038962,-1.776884713203859
0.13860647897342424,-0.4460954049083385,0.38938178694083114,-0.25262404806583244,0.7347350010086328,-1.7777791117142223
0.13905622083418231,-0.4534971599925433,0.3929071815701483,-0.2391514639690094,0.7406002905516404,-1.7786200656848055
0.13920015979533787,-0.46064129300955126,0.3964390902346095,-0.22578321933007497,0.7425308376330569,-1.7794229045421806
0.13914518226066755,-0.4677401383753221,0.4000288277694616,-0.2125138729043151,0.7385416906953952,-1.7802015152603874
0.13895260162326425,-0.47482605878152584,0.4036811242407793,-0.19940098487539876,0.7223078745450083,-1.7809682869610253
0.13859636582204465,-0.4817645158443553,0.4073431941647248,-0.18672010451465287,0.6920914481620802,-1.7817043726011905
0.13803163976113017,-0.4885478494507457,0.4109818890200982,-0.17460854039639837,0.6522885663150205,-1.7823739025407053
0.1372605183535879,-0.4952148046795411,0.4145730112571439,-0.16303873560167562,0.6086494221947972,-1.782970465493159
0.1363285987311726,-0.5014585575162137,0.41797817637786455,-0.1522704436551079,0.5681743799778446,-1.7835007202212543
0.1353035983790127,-0.5068826888579805,0.42103729256562006,-0.14252318547679388,0.5362268150024313,-1.7839730245549024
0.13420815418838777,-0.5117700777360763,0.4238868015321082,-0.13315004532839053,0.5075913694214507,-1.7844451585822108
0.13298180618322403,-0.5170091999502824,0.4269499693960377,-0.12309722422850118,0.46734197982586473,-1.78500427682576
0.1315591997972112,-0.5229494984799556,0.43040215777504204,-0.11248879455177313,0.4080283157692591,-1.7856253900289853
0.129887914603585,-0.529195331846048,0.43407895012480674,-0.10210397754795737,0.335052862107336,-1.786187207985947
0.1279857793063852,-0.5354386657218934,0.43786426074911394,-0.09182331143434452,0.25331585532877665,-1.7866686358413468
0.12602338722845507,-0.5417035634606622,0.44176975146918973,-0.08100680553868614,0.15962720030197924,-1.7871817347447851
0.12422965159178805,-0.5480156218008118,0.44575424415517634,-0.06966737707354971,0.05010900685332831,-1.7878064614203235
0.1227226682216701,-0.5542130658550589,0.4496665045280064,-0.05842747693993558,-0.07096958605020078,-1.7885161170461985
0.12149948703391622,-0.5600855341299328,0.4533587002750618,-0.04782263446033238,-0.1952558032414069,-1.7892510930625303
